school_latitude(W),school_longitude(N),school_zip,t_price_excl_donation($),t_price_incl_donation($),students_reached,total_donations($),num_donors
40.693414,-73.908592,11207,727.75,887.5,0,837,1
35.216339,-80.686729,28215,85.08,103.76,25,98,1
37.766598,-122.418908,94103,139.4,170,20,140,1
40.869698,-73.879114,10467,444.85,542.5,25,513.6,3
38.185033,-122.25826,94503,257.27,313.74,15,302.4,3
40.822548,-73.85329,10473,549.4,670,12,0,0
35.922684,-81.51299,28645,758.5,925,23,0,0
41.900079,-87.73132,60651,1032.18,1258.76,30,80,1
40.72805405,-73.79055023,11366,818.98,998.76,12,250,4
37.797806,-122.426132,94123,417.18,508.76,39,496,3
37.803455,-122.424068,94109,455.1,555,30,529.4,2
33.060733,-79.539175,29458,580.15,707.5,30,0,0
40.648769,-73.907519,11236,125.05,152.5,36,128.81,2
33.955561,-118.366227,90301,412.05,502.5,33,0,0
30.517087,-92.075232,70570,703,857.32,4,679.61,1
36.01866108,-78.45350624,27596,474.58,578.76,22,568.23,2
40.792306,-73.952037,10029,333.13,406.26,20,391.89,1
39.19578163,-85.8923404,47201,1422,1734.15,50,25,1
40.749023,-74.000183,10001,444,541.46,12,0,0
31.75871649,-89.6573524,39119,320.67,391.06,40,356.47,1
37.482267,-122.214295,94063,604.81,737.57,800,718.82,7
41.89128891,-87.66551591,60642,388,473.17,25,456.47,2
34.19649124,-118.5772171,91306,124.18,151.44,20,126.73,2
36.118252,-80.222467,27105,299,364.63,90,351.76,3
34.988901,-78.318298,28328,338,412.2,200,100,1
40.840446,-73.904289,10457,138,168.29,60,162.35,3
33.878239,-118.27079,90746,142,173.17,47,167.06,2
40.669568,-73.979107,11215,177,215.85,20,208.24,2
35.24398,-97.44838,73069,306,373.17,300,75,1
20.87886,-156.469989,96732,712,868.29,22,837.65,4
42.308304,-83.121773,48209,917,1118.29,150,1078.82,3
30.661959,-96.367538,77803,417,508.54,115,490.59,1
29.478131,-95.046795,77539,452,551.22,40,0,0
41.183439,-73.173951,6608,150,182.93,17,171.29,3
38.656322,-78.901611,22830,174,212.2,15,198.53,5
25.945583,-80.238586,33056,159,193.9,40,187.06,2
36.00458,-78.853241,27704,272,331.71,100,320,2
27.888538,-81.584496,33853,273,332.93,43,321.18,2
42.308304,-83.121773,48209,142,173.17,22,162.65,3
40.674722,-73.927958,11213,10580,12902.44,100,0,0
34.508771,-97.962163,73533,519,632.93,26,0,0
34.98888,-81.971687,29303,179,218.29,16,25,1
40.87038249,-73.89820442,10468,5022,6124.39,5,0,0
32.093506,-90.299927,39170,366,446.34,18,0,0
36.509398,-80.354823,27053,484,590.24,24,50,1
33.978271,-117.359512,92507,186,226.83,22,218.82,3
41.895317,-71.11132,2780,671,818.29,150,789.41,11
35.473999,-80.641304,28081,466,568.29,30,0,0
38.678376,-121.287926,95610,487,593.9,50,572.95,5
36.008186,-78.910126,27701,384,468.29,10,451.76,1
40.628275,-74.117116,10310,107,130.49,200,125.88,1
36.118252,-80.222467,27105,567,691.46,60,0,0
36.130687,-95.895802,74129,362,441.46,300,425.88,4
35.137081,-78.08324,28365,244,297.56,90,287.06,1
37.51665115,-77.44425964,23224,364,443.9,250,428.24,4
35.301468,-80.774967,28262,424,517.07,425,0,0
39.944969,-75.168764,19146,130,158.54,23,152.95,5
41.987519,-87.702249,60659,448,546.34,30,522.65,6
35.240726,-114.004883,86409,834,1017.07,25,0,0
35.427326,-97.57714,73119,419,510.98,21,0,0
36.231094,-115.149429,89032,264,321.95,150,310.59,2
34.857063,-82.43928194,29611,448.91,547.45,110,0,0
36.31294,-95.605307,74017,360.63,439.79,26,0,0
38.626186,-90.240311,63110,865.17,1055.09,200,1055.09,9
34.022846,-118.347801,90016,274.71,335.01,22,335.37,3
36.75167,-94.85177,74343,441,537.8,20,518.82,1
35.427326,-97.57714,73119,270,329.27,30,329.27,2
37.584403,-77.460308,23227,455,554.88,20,521.95,5
39.422562,-76.291611,21040,544.58,664.12,20,0,0
35.324431,-80.712538,28262,675.66,823.98,20,100,1
35.653696,-78.614329,27529,543.51,662.82,120,0,0
41.309099,-72.892877,6513,191.86,233.98,26,233.98,2
42.023611,-88.160126,60107,193.15,235.55,25,233.23,2
42.363588,-82.949669,48215,561.94,685.29,26,685.29,4
34.089235,-80.922083,29223,357.33,435.77,20,435.77,2
38.73160539,-90.36523321,63134,188.14,229.44,22,50,2
30.788451,-89.855928,70427,424.78,518.02,50,0,0
40.702224,-73.942016,11206,453.17,552.65,20,552.65,10
45.607597,-122.856888,97231,158.52,193.32,100,193.32,1
37.612181,-77.33948,23111,273.41,333.43,15,25,1
33.00257362,-83.5495951,31032,844.54,1029.93,65,0,0
42.68705331,-84.5696811,48910,440.13,536.74,30,514.79,5
41.67306237,-71.16837479,2721,267.64,326.39,130,329.52,5
38.58335607,-121.2984395,95670,813.24,991.76,30,991.76,5
36.117233,-80.150803,27284,712.18,868.51,300,868.51,2
44.815247,-93.295968,55431,166.98,203.63,27,179.58,3
31.11456818,-91.40702147,39669,279.37,340.7,57,0,0
41.697527,-71.480007,2886,684.24,834.44,65,833.46,15
32.880518,-96.865517,75220,367.72,448.44,75,448.44,5
39.937447,-75.223011,19143,146.1,178.17,17,166.64,3
30.447481,-91.062593,70815,576.08,702.54,750,15,1
42.128242,-72.51165,1119,297.82,363.2,23,363.2,5
35.175224,-89.915604,38108,621.98,714.92,40,0,0
33.993713,-118.307549,90062,470.13,540.38,22,0,0
42.402042,-70.993054,2151,840.68,966.3,150,0,0
41.827696,-87.608457,60653,268.74,327.73,4,310.84,5
38.988625,-76.838402,20706,493.2,601.46,140,493.2,1
38.585356,-75.278079,19966,171.44,197.06,21,195.33,3
40.69326,-73.921318,11221,458.78,559.49,500,559.49,1
41.781454,-87.634898,60621,283.5,345.73,130,345.73,8
34.206607,-118.597985,91303,731.36,840.64,19,840.64,1
31.676426,-98.794041,76890,139.08,159.86,15,159.86,3
35.288774,-119.045229,93313,559.87,643.53,30,643.53,1
43.013368,-87.912737,53204,566.16,650.76,125,25,2
21.381649,-157.741127,96734,430.96,495.36,28,15,1
36.155551,-94.175349,72762,385.15,453.12,150,453.12,1
39.317703,-76.585251,21213,278.04,327.11,100,327.1,2
36.64819278,-88.60598139,42066,329.16,387.25,320,386.36,11
41.848932,-87.699206,60623,477.39,561.64,800,0,0
35.02346,-97.37105,73080,395.75,465.59,25,465.59,1
39.408673,-74.509954,8232,208.34,245.11,16,245.11,1
37.787355,-122.187891,94619,1121.05,1318.88,30,0,0
30.0976,-95.229983,77365,291,342.35,41,330.88,11
30.811476,-92.350361,70586,466.54,548.87,60,548.87,4
38.90465185,-77.01634213,20020,315.52,371.2,83,371.2,2
37.653138,-122.479116,94044,252.72,297.32,24,0,0
33.833263,-118.002424,92801,334.52,393.55,100,382.96,29
40.40929,-79.815521,15145,321.02,377.67,40,377.67,10
39.95764923,-82.95973969,43205,141.55,166.53,79,166.53,4
29.927339,-90.075009,70130,350.52,412.38,15,396.49,7
37.31435,-76.76515,23188,424.78,499.74,5,499.74,14
42.309177,-83.129562,48209,417.36,491.01,25,417.36,1
43.019627,-87.951988,53215,427.45,502.88,15,465.82,29
47.517806,-122.371183,98126,350.8,412.71,134,412.71,8
29.203013,-98.603871,78073,649.26,763.84,30,0,0
40.060978,-76.714906,17345,436.43,513.45,20,510.8,12
41.767681,-87.590388,60637,313.26,368.54,9,322.26,4
35.198796,-97.467692,73072,417.92,491.67,20,120,3
37.963879,-87.514214,47714,278.19,327.28,30,321.46,5
36.320608,-80.373872,27021,732.23,861.45,821,732.23,1
46.201044,-123.381146,98612,196.5,231.18,150,211.5,3
41.921255,-87.776659,60639,484.88,570.45,27,25,1
40.819289,-73.90872,10456,814.48,958.21,100,0,0
36.827091,-84.865762,42633,216.42,254.61,202,254.61,4
37.888425,-122.28809,94706,371.87,437.49,25,419.67,6
27.966013,-82.138451,33566,199.15,234.29,20,232.53,7
36.400335,-86.456116,37066,249.99,294.11,23,0,0
33.915215,-118.141403,90242,512.72,603.2,50,596.14,20
41.794892,-71.428713,2907,194.61,228.95,80,228.95,7
43.187486,-89.455012,53597,1039.9,1223.41,20,10,1
33.922794,-118.372048,90250,355.3,418,44,0,0
39.318897,-76.673828,21216,179.24,210.87,26,201.81,3
40.587196,-105.121483,80521,261.02,307.08,93,307.08,5
37.887492,-122.301023,94706,309.97,364.67,30,25,1
36.715027,-76.253426,23322,249.11,293.07,30,291.31,9
29.886283,-97.677573,78644,811,954.12,120,0,0
35.078922,-89.851366,38119,777.77,915.02,72,0,0
32.558494,-84.973532,31904,573.98,675.27,63,620,8
39.934621,-75.163445,19147,1261.33,1483.92,350,1479.5,32
40.717979,-74.013664,10282,582.58,685.39,200,685.39,10
37.67425954,-122.1498216,94580,601.69,707.87,100,0,0
30.466669,-81.630779,32218,684.6,805.41,25,10,1
33.37041,-112.143774,85339,894.44,1052.28,100,1043.46,9
35.070146,-106.608061,87106,467.29,549.75,25,35,1
42.733914,-84.610315,48917,391.46,460.54,24,460.54,2
38.274919,-77.550032,22407,172.69,203.16,125,197.68,4
40.688307,-73.924721,11221,348.48,409.98,15,363.48,3
40.71429825,-74.0059967,10029,329.73,387.92,90,383.51,4
41.970387,-87.71008,60625,346.58,407.74,100,25,1
42.305595,-71.072908,2121,413.09,485.99,12,485.99,13
41.976315,-87.669807,60640,478.02,562.38,12,562.02,14
32.82057526,-94.76886107,75683,397.36,467.48,20,467.48,1
39.955151,-75.176232,19103,1777.69,2091.4,500,380,6
35.534764,-84.357172,37354,169.43,199.33,185,199.33,4
37.887961,-122.268492,94707,517.3,608.59,31,608.59,6
32.855336,-80.072238,29414,903.4,1062.82,127,150,4
47.563877,-122.311661,98108,771.24,907.34,930,115,5
41.199787,-73.181795,6610,313.11,368.36,18,368.36,5
30.249332,-97.587646,78724,480.4,565.18,125,565.18,5
39.87601,-96.255569,66403,789.47,928.79,13,0,0
33.67264478,-96.59750079,75090,287.74,338.52,90,15,1
33.772713,-118.164841,90814,484.28,569.74,22,569.74,3
40.786018,-73.817745,11357,217.68,256.09,180,256.09,3
41.987519,-87.702249,60659,899.59,1058.34,12,25,1
42.026122,-91.653493,52402,156.33,183.92,115,183.92,2
32.734347,-96.844452,75208,355.78,418.56,62,418.56,7
42.750613,-71.495676,3062,252.09,296.58,120,296.57,2
34.016244,-117.907811,91792,459.82,540.96,135,160,11
42.803379,-73.94825,12303,622.49,732.34,16,719.11,17
34.018892,-118.260892,90011,489.58,575.98,22,572.8,16
37.681923,-122.136086,94580,241.28,283.86,28,283.86,3
39.667054,-86.009208,46259,269,316.47,23,316.47,4
34.240359,-118.504547,91325,540.06,635.36,71,635.36,21
37.772773,-121.540513,95391,311.5,366.47,10,366.47,4
34.200378,-118.439102,91405,343.95,404.65,50,40,3
37.27103,-82.939972,41834,1048.42,1233.44,24,1233.44,1
33.775578,-118.265904,90744,763.28,897.98,95,897.98,38
33.95491259,-118.2738916,90003,932.16,1096.66,24,1009.33,32
34.196087,-118.557121,91335,329.27,387.38,22,387.38,12
33.991417,-118.264108,90011,392.1,461.29,58,0,0
34.077117,-117.655791,91762,292.54,344.16,35,344.16,11
41.803885,-87.590334,60615,157.85,185.71,100,185.71,3
35.701119,-84.325053,37774,209.14,246.05,40,246.05,2
42.384572,-83.301256,48239,310.52,365.32,600,356.49,6
39.177303,-84.48111,45237,504.31,593.31,20,593.31,1
34.288495,-118.433949,91340,399.04,469.46,15,469.46,7
39.955151,-75.176232,19103,268.02,315.32,50,315.32,4
34.04307938,-118.2885284,90006,726.2,854.35,20,854.35,1
40.32405033,-104.8352075,80543,382.1,449.53,100,449.53,5
34.9523,-82.007288,29301,288.27,339.14,20,60,2
39.224614,-94.461962,64068,1938.12,2280.14,350,2280.14,2
33.948642,-118.218349,90280,291.93,343.45,17,333.74,6
35.318786,-97.103221,74801,395.04,464.75,18,0,0
26.723497,-80.059434,33401,142.09,167.16,75,167.16,2
35.868476,-81.596882,28645,623.74,733.81,24,156.8,3
40.665113,-73.589397,11520,280.81,330.36,40,330.36,1
39.688055,-87.412665,47842,423.24,497.93,90,480.28,5
42.34088516,-71.09481812,2115,716.88,843.39,120,843.39,1
39.24117,-76.685684,21227,145.99,171.75,20,169.54,7
34.11901855,-118.2308731,90065,256.19,301.4,300,301.4,5
41.067162,-111.998707,84041,384.24,452.05,50,0,0
32.86902,-81.1073,29924,523.57,615.96,21,615.96,9
34.063927,-118.267083,90057,303.59,357.16,16,357.16,4
42.636504,-73.76556,12202,341.22,401.44,25,401.44,6
29.702051,-95.335487,77021,379.33,446.27,75,446.27,2
37.684582,-121.728172,94550,656.07,771.85,26,771.85,1
26.964975,-82.358162,34223,428.87,504.55,18,0,0
32.126881,-110.972277,85756,476.58,560.68,29,560.68,5
36.60156,-119.75402,93725,459.88,541.04,30,25,1
37.67094,-122.069221,94541,445.85,524.53,106,524.53,3
47.524329,-122.264832,98118,355.75,418.53,8,418.53,3
33.705244,-117.769346,92620,556.73,654.98,29,635.52,7
42.71738313,-71.1470063,1841,285.93,336.39,80,336.39,2
43.02367,-85.648361,49525,281.17,330.79,24,325.49,7
29.23014631,-98.24587132,78114,235.06,276.54,60,267.11,1
32.986278,-80.106026,29456,237.33,279.21,30,279.21,12
41.936222,-71.305388,2703,407.39,479.28,21,0,0
29.92222,-95.559821,77064,193.67,227.85,44,227.84,6
29.853018,-95.670593,77084,664.92,782.26,999,782.26,1
29.652686,-95.528218,77071,732.19,861.4,110,861.4,1
33.949169,-118.294365,90044,1624.73,1911.45,25,1911.45,1
40.674722,-73.927958,11213,920.87,1083.38,40,100,1
40.41389599,-74.05546367,7730,924.94,1088.16,19,1042.54,14
33.607533,-117.681473,92691,899.5,1058.24,27,1058.24,1
42.228257,-121.760623,97601,474.57,558.32,20,555.67,18
39.78124,-86.13319136,46201,196.34,230.99,200,227.45,10
39.481369,-80.122816,26554,498.73,586.74,20,0,0
41.63258247,-83.57096627,43609,381.66,449.01,32,446.36,4
26.10803,-81.764656,34112,394.59,464.22,77,0,0
41.972246,-87.75747,60630,178.68,210.21,28,210.21,3
40.37644833,-80.01837373,15234,310.69,365.52,23,365.52,8
41.17845,-73.160694,6607,193.99,228.22,10,10,1
29.708053,-95.632599,77083,303.69,357.28,32,10,1
35.15953,-80.71374,28105,309.75,364.41,20,351.18,13
35.23841,-80.892179,28208,294.85,346.88,60,0,0
45.92733002,-122.7630081,98674,183.97,216.44,14,216.44,5
36.779057,-76.334076,23323,435.45,512.29,20,512.29,12
34.016602,-118.282928,90007,260.71,306.72,26,306.71,2
41.983316,-87.670903,60660,692.3,814.47,28,515,5
29.853993,-95.689652,77449,491.86,578.66,20,578.66,7
42.003718,-87.668289,60626,169.79,199.75,20,190.93,5
30.408676,-91.143655,70808,256.43,301.68,143,301.33,13
38.826797,-104.386116,80808,243.08,285.98,15,285.98,1
35.049185,-82.096627,29349,459.56,540.66,23,0,0
34.026119,-117.879576,91789,895.07,1053.02,31,0,0
28.5537529,-81.27580261,32825,311.59,366.58,24,31,3
30.097445,-81.748557,32068,524.54,617.11,18,617.11,10
35.339613,-119.012945,93307,663.69,780.81,23,20,1
33.98138747,-118.2238783,90255,549.17,646.08,115,100,1
34.104816,-118.216118,90065,472.11,555.42,24,175,3
41.994815,-87.684685,60659,616.67,725.49,70,725.49,16
40.83729172,-73.88600922,10466,181.22,213.2,60,213.2,4
31.58275033,-97.13474298,76704,230.18,270.8,33,0,0
41.56516647,-81.56481171,44110,397.24,467.34,130,467.34,20
33.616994,-112.397838,85379,400.36,471.01,25,471.01,5
35.953404,-95.370506,74467,593.73,698.51,25,0,0
40.703652,-73.611474,11550,231.98,272.92,60,231.98,2
33.455059,-112.003242,85008,911.15,1071.94,80,1021.84,37
41.639097,-87.05275,46304,375.04,441.22,60,75,2
37.761958,-122.193209,94621,225.5,265.29,100,260.89,5
32.58203774,-101.0046872,79527,6749.71,7940.84,75,300,3
35.360628,-119.008418,93304,772.27,908.55,23,908.55,1
33.717117,-117.875488,92707,395.64,465.46,15,465.46,4
31.053661,-97.662743,76548,376.3,442.71,24,0,0
29.727499,-95.320923,77023,796.81,937.42,200,918.12,11
33.747093,-118.018825,92647,677.45,797,25,797,1
26.248365,-80.244324,33071,429.14,504.87,20,111,3
34.1459198,-117.9117966,91702,465.82,548.02,100,521.55,6
40.785559,-73.942629,10029,623.78,733.86,100,731.74,15
61.58261108,-149.6354065,99623,641.29,754.46,30,754.46,1
30.250879,-81.633257,32217,335.96,395.25,180,395.25,7
34.947765,-81.981094,29301,182.44,214.64,361,214.64,6
39.394205,-107.206441,81623,247.85,291.59,20,291.59,5
47.307056,-122.222595,98002,172.23,202.62,10,202.62,5
43.180266,-112.344671,83221,307.43,361.68,20,360.8,10
33.746218,-117.77979,92782,914.09,1075.4,100,1075.4,1
47.572041,-122.693214,98312,394.28,463.86,25,446.21,4
25.742291,-80.347515,33165,806.48,948.8,122,948.8,2
36.626395,-121.833533,93955,732.43,861.68,10,150,2
41.761261,-72.690588,6106,337.47,397.02,25,383.93,10
25.894952,-80.307896,33014,1184.52,1393.55,30,102,2
34.11738,-118.182632,90042,914.09,1075.4,25,130,3
25.825359,-80.231689,33142,763.93,898.74,20,898.74,1
40.87038249,-73.89820442,10468,338.03,397.68,125,345.53,3
33.963097,-118.242615,90001,2268,2668.24,160,2693.24,5
41.087218,-112.026351,84015,161.95,190.53,24,177.29,6
40.713148,-73.991239,10002,136.5,160.59,21,136.5,1
40.05764008,-75.16608429,19138,356.81,419.78,15,415.36,10
42.009641,-87.669902,60626,731.68,860.8,400,821.98,13
43.30644183,-101.9075744,57714,593.88,698.68,23,694.27,15
41.685477,-87.622335,60628,348.89,410.46,20,410.46,2
39.137992,-94.758771,66109,731.04,860.05,72,793.87,10
40.812793,-81.343022,44705,136.73,160.86,15,136.73,1
40.678551,-73.966339,11238,696.35,819.24,25,801.59,8
41.886165,-87.714714,60624,175.38,206.33,125,206.33,1
34.39081192,-118.5488129,91355,918.49,1080.58,100,285,11
41.66544,-70.923798,2746,824.7,970.24,27,879.35,10
26.298184,-80.267425,33076,376.2,442.59,20,440.48,47
45.63101196,-122.5165558,98684,330.68,389.04,22,233,1
40.576843,-74.099754,10306,662.99,779.99,12,779.99,2
30.515228,-90.992871,70739,315.52,371.2,23,353.73,7
42.391229,-87.865272,60087,838.73,986.74,23,986.74,1
38.007256,-121.811295,94509,267.84,315.11,32,308.04,6
41.87863,-87.766217,60644,156.86,184.54,24,184.54,4
37.36240859,-75.94132851,23347,1189.6,1399.53,8,80,3
40.758827,-73.939197,11101,283.74,333.81,25,333.82,2
61.49348831,-149.7675934,99654,151.56,178.31,21,70,2
41.314915,-95.969521,68111,228.81,269.19,15,264,47
39.839756,-75.153503,8096,293.7,345.53,110,126,6
33.560934,-112.160421,85302,158.46,186.42,25,186.42,2
42.354893,-87.836891,60085,661.97,778.79,40,748.95,68
43.598427,-116.417381,83642,2127.23,2502.62,30,2127.23,1
29.8020039,-95.75189605,77449,762.79,897.4,22,819.04,8
34.110236,-84.524527,30188,286.33,336.86,26,336.85,2
32.71893539,-111.4987502,85141,473.38,556.92,200,479.85,2
28.170727,-80.664078,32935,252.69,297.28,550,297.28,3
33.493513,-84.363897,30238,1562.17,1837.85,60,16,1
41.858832,-87.715815,60623,365.49,429.99,100,365.49,1
34.109393,-117.409821,92336,151.66,178.42,60,178.42,2
29.465,-98.616478,78238,417.83,491.56,140,420.23,2
30.341805,-81.576539,32211,450.21,529.66,60,498.77,11
40.81843948,-73.94232941,10030,197.32,232.14,120,232.14,3
40.054145,-85.689572,46013,536.58,631.27,12,621.48,14
36.180307,-96.011873,74127,247.42,291.08,25,291.08,3
26.166918,-80.282982,33351,399.14,469.58,22,458.99,37
40.685573,-73.922485,11233,297.4,349.88,24,0,0
30.42914162,-90.19897958,70447,372.72,438.49,60,10,1
38.258356,-122.030012,94533,997.91,1174.01,25,0,0
31.265717,-92.431368,71302,911.98,1072.92,20,125,3
37.684582,-121.728172,94550,536.76,631.48,32,220,3
39.365734,-76.569939,21214,390.12,458.96,90,441.32,5
42.348512,-71.069114,2116,467.79,550.34,53,546.82,5
29.594928,-95.215029,77089,2845.97,3348.2,150,10,1
39.767753,-86.53479,46122,516.18,607.27,48,0,0
32.741786,-117.02885,91945,225.58,265.39,36,261.86,7
33.387302,-112.10437,85041,2778.82,3269.2,135,208,8
40.46772385,-79.91108704,15206,198.66,233.72,150,231.95,4
31.81510672,-81.59972906,31313,306.39,360.46,86,360.46,7
33.817489,-84.454952,30318,2165.8,2548,124,25,1
33.86403275,-84.44691467,30327,2195.79,2583.28,125,105,4
29.851608,-90.111529,70072,1507.28,1773.27,20,1773.27,3
34.36592102,-87.12574005,35619,1130.82,1330.38,37,1330.38,2
30.673258,-88.251536,36608,2119.69,2493.75,180,2493.75,2
41.797124,-87.659983,60609,639.61,752.48,500,752.48,3
40.662651,-111.992554,84118,557.22,655.55,118,20,2
33.75724411,-84.43396759,30314,1022.94,1203.46,45,1203.46,19
38.628133,-75.323205,19947,373.49,439.4,50,412.93,8
40.917239,-98.334131,68801,376.14,442.52,20,442.52,2
34.757376,-86.633567,35810,336.87,396.32,15,20,2
40.660931,-73.985939,11215,381.85,449.24,31,449.24,8
38.940495,-77.028625,20011,244.99,288.22,100,274.99,6
32.347722,-95.301851,75702,388.62,457.2,24,457.2,1
34.724328,-87.714778,35674,1510.16,1776.66,21,1776.66,3
42.4050792,-82.9488977,48224,638.98,751.74,8,0,0
34.256248,-85.866672,35961,512.71,603.19,120,603.19,2
42.617716,-71.365046,1824,193.72,227.91,411,227.91,9
47.047577,-122.919146,98502,1119.62,1317.2,50,1317.2,6
29.938499,-95.614487,77065,298.95,351.71,40,322.06,3
41.261242,-72.940308,6516,167.14,196.64,125,189.26,3
38.595655,-90.592123,63011,388.49,457.05,20,457.05,10
36.608314,-78.915091,24520,617.44,726.4,220,0,0
30.834986,-83.321034,31601,138.6,163.06,14,163.06,1
42.30798014,-71.06253549,2122,478.27,562.67,450,0,0
33.641403,-117.879341,92660,1944.14,2287.22,26,8,1
25.856266,-80.202332,33150,1755.45,2065.24,115,0,0
40.795068,-73.938817,10029,458.32,539.2,19,535.67,3
25.734542,-80.263365,33146,988.42,1162.85,150,1988.42,1
39.8432045,-75.40096283,19013,331.46,389.95,3,389.95,4
40.815224,-73.944298,10030,11162.52,13132.38,15,11803.39,22
26.112719,-80.164963,33312,1937.72,2279.67,200,138,4
32.31198502,-95.25283813,75799,151.8,178.59,75,178.58,2
47.15901867,-88.5723339,49930,638.98,751.74,120,0,0
36.305604,-119.346779,93277,582.6,685.41,170,681,14
41.958648,-87.782029,60634,282.74,332.64,30,332.64,4
42.318787,-83.091362,48209,344.02,404.73,80,0,0
32.807251,-96.749886,75214,2049.85,2411.59,70,2411.59,1
35.454792,-81.02536,28037,538.9,634,100,634,17
28.475545,-81.27068,32829,594.17,699.02,18,699.02,10
41.946583,-87.690902,60618,285.96,336.42,60,336.42,6
38.532238,-89.129648,62801,224.64,264.28,130,264.28,3
47.55745746,-122.6677977,98312,1849.07,2175.38,56,600,2
33.75724411,-84.43396759,30314,143.72,169.08,19,162.73,3
34.18387882,-118.5382795,91335,2235.13,2629.56,60,2629.56,1
32.880634,-97.274864,76137,2048.7,2410.24,27,2410.24,2
27.874104,-82.516586,33616,1973.32,2321.55,100,2321.55,1
60.48645,-151.142502,99669,423.94,498.75,19,10,1
33.541423,-101.900774,79413,427.37,502.79,100,494.85,8
47.724238,-122.355365,98133,4892.36,5755.72,185,5755.72,1
38.888191,-94.303191,64086,369.77,435.02,21,429.73,6
42.507494,-83.771143,48116,381.65,449,30,440.18,13
41.31916,-73.06414,6418,136.03,160.04,380,136.03,1
41.755229,-87.645554,60620,1636.03,1924.74,60,1903.57,4
39.0195694,-77.05397034,20902,567.01,667.07,90,666.19,18
35.373284,-97.530266,73139,326.25,383.82,22,383.82,2
41.452644,-81.55101,44122,435.16,511.95,25,511.95,6
42.095474,-75.891453,13903,2059.49,2422.93,300,211.1,5
32.204584,-83.191683,31023,184.49,217.05,120,217.05,3
40.587612,-73.98539,11214,290.36,341.6,125,328.72,31
28.996965,-81.543066,32767,322.25,379.12,16,370.29,9
35.735054,-82.557579,28787,774.98,911.74,50,811.28,2
40.783237,-73.806992,11357,1146.49,1348.81,155,1251.7,8
34.149553,-118.455282,91403,394.02,463.55,24,463.55,5
34.114628,-80.898317,29223,355.64,418.4,28,416.64,5
31.906076,-94.392067,75975,405.48,477.04,35,5,1
30.259016,-81.750339,32210,529.5,622.94,20,622.94,6
40.828574,-73.917727,10456,1571.68,1849.04,458,0,0
29.94270134,-90.02767181,70114,509.04,598.87,30,597.11,8
34.05311,-118.299117,90006,816.65,960.76,40,0,0
28.382711,-81.422777,32837,672.32,790.96,21,776.14,4
38.985748,-76.926704,20740,745.66,877.25,9,846.36,10
45.562552,-94.147119,56304,710.09,835.4,25,776.84,9
39.57629,-105.06176,80128,506.97,596.44,45,587.61,11
36.113555,-115.233736,89103,464.25,546.18,200,0,0
37.162951,-76.556732,23608,516.68,607.86,18,337.9,7
26.499608,-80.090205,33426,351.19,413.16,19,381.94,4
35.823641,-90.705639,72401,853.13,1003.68,100,1003.68,3
30.36065531,-97.64034773,78754,293.9,345.76,600,345.76,4
27.580727,-97.793223,78343,538.18,633.15,200,0,0
34.140153,-80.886977,29229,474.19,557.87,22,557.87,4
32.891492,-96.530079,75088,357.86,421.01,480,421.02,5
39.664239,-75.624554,19720,457.76,538.54,54,20,2
40.461535,-74.356908,8872,741.46,872.31,25,118,2
42.362701,-87.847214,60085,381.47,448.79,75,431.14,7
40.096231,-74.970954,19154,334.49,393.52,30,0,0
34.23196,-118.456568,91402,351.06,413.01,30,400.66,5
40.752547,-86.332609,46947,2001.7,2354.94,100,214,7
40.801156,-74.164797,7109,539.09,634.22,5,395,7
40.719879,-74.314163,7041,3439.38,4046.33,143,3439.38,1
33.825409,-118.295853,90502,1129.24,1328.52,36,1328.52,1
35.37985056,-81.36975796,28021,443.34,521.58,20,514.52,9
37.571609,-77.486191,23230,866.34,1019.22,100,1019.22,12
29.663533,-95.288755,77061,1044.44,1228.75,100,1228.75,1
34.02781,-118.50085,90403,1025.82,1206.85,50,1206.85,3
43.994637,-92.450775,55904,698.88,822.21,25,822.21,19
34.71255697,-82.21953258,29681,403.68,474.92,23,474.92,6
39.997362,-75.121101,19134,467.05,549.47,35,0,0
29.20122387,-81.9128946,34488,819.2,963.76,22,963.76,8
42.378361,-71.040177,2128,1381.92,1625.79,18,1616.96,22
45.0282135,-93.31352997,55412,300.44,353.46,28,353.46,8
34.072489,-80.911302,29223,262.1,308.35,55,25,1
41.835771,-87.794663,60402,1552.25,1826.18,70,68,2
35.519943,-84.362353,37354,576.32,678.02,40,678.02,2
38.833622,-77.125702,22311,297.28,349.74,24,340.44,5
39.735523,-86.135559,46203,431.45,507.59,22,507.59,5
33.365069,-97.187222,76266,295.4,347.53,18,347.53,1
38.44738072,-81.34513513,25045,370.97,436.44,20,436.44,5
41.390312,-81.530212,44146,136.01,160.01,21,160.02,3
35.25013,-80.944046,28214,352.34,414.52,100,408.16,8
41.88966,-87.709014,60624,239.59,281.87,100,241.28,3
33.805172,-118.06301,90720,327.65,385.47,24,385.47,1
41.685578,-86.253561,46601,246.89,290.46,25,115,3
34.879713,-82.455706,29617,463.11,544.84,15,54.62,3
31.891043,-102.362923,79762,1021.52,1201.79,24,1088.27,3
37.618627,-77.489022,23228,655.79,771.52,650,734.46,8
41.503605,-112.025472,84302,392.96,462.31,48,431.07,12
44.205643,-73.247455,5456,665.95,783.47,59,774.65,10
32.69738,-96.795815,75216,424.14,498.99,22,484.59,2
40.67246161,-73.90657358,11212,155.1,182.47,153,182.47,5
41.946583,-87.690902,60618,2028.42,2386.38,30,2386.38,1
33.63205,-112.08139,85023,1985.66,2336.07,800,0,0
34.158554,-118.417282,91423,357.17,420.2,24,415.79,3
33.477409,-112.141899,85009,592.15,696.65,28,0,0
32.708431,-96.773651,75216,423.67,498.44,73,498.44,2
38.753136,-90.314008,63135,459.86,541.01,120,470.42,2
38.108361,-121.284604,95240,486.6,572.47,100,572.47,4
41.93981,-87.702534,60618,184.36,216.89,30,216.9,3
38.309826,-85.722247,47130,664.22,781.44,120,777.02,6
34.036792,-118.212526,90023,472.57,555.96,40,555.96,1
38.896244,-76.91983,20019,803.96,945.84,230,945.84,1
39.937447,-75.223011,19143,399.01,469.42,150,469.43,5
41.477718,-81.751305,44102,409.45,481.71,20,480.82,2
39.905557,-86.183745,46260,182.23,214.39,25,214.39,2
32.81701,-109.716006,85546,1772.48,2085.27,20,350,5
41.508507,-81.630226,44103,157.11,184.84,60,184.83,5
39.186515,-84.46509,45237,507.83,597.45,130,595.39,8
38.8297,-104.776878,80910,1955.69,2300.81,27,130,2
42.380127,-83.246609,48223,206.98,243.51,25,243.51,2
34.015184,-118.162409,90022,311.33,366.27,30,362.74,4
39.980285,-75.180371,19121,413.76,486.78,15,482.36,9
42.710052,-87.812431,53405,450.64,530.16,25,529.1,9
33.319962,-83.688621,31064,409.35,481.59,90,481.59,4
42.269863,-83.162521,48217,1115.04,1311.81,132,1311.81,1
42.655663,-89.036713,53546,181.95,214.06,30,214.06,1
27.99088703,-82.37714256,33610,6891,8107.06,200,50,1
35.085853,-89.764353,38139,309.64,364.28,80,354.58,14
29.348823,-98.610796,78242,340.51,400.6,22,374.56,10
44.835338,-93.315525,55431,829.19,975.52,24,974.81,7
35.04523002,-97.93275923,73018,263.93,310.51,326,310.51,3
34.505091,-88.626137,38824,1271.66,1496.07,25,0,0
40.604107,-111.965614,84088,313.84,369.22,120,0,0
39.045604,-94.695652,66106,698.07,821.26,22,821.25,2
29.955991,-92.038474,70533,576.04,677.69,22,0,0
31.867166,-81.570088,31313,238.06,280.07,60,0,0
43.16139603,-100.9694595,57572,776.29,913.28,100,895.64,2
41.975503,-87.65788,60640,395.31,465.07,27,465.07,2
38.274919,-77.550032,22407,402.18,473.15,700,468.74,3
66.34281586,-159.5188222,99770,410.07,482.44,50,482.44,1
32.745064,-96.569283,75149,237,278.82,18,278.82,5
47.439302,-122.83466,98528,1282.97,1509.38,28,0,0
38.01625918,-90.72520467,63630,173.12,203.67,75,203.67,1
39.523183,-104.964124,80126,267.69,314.93,250,0,0
41.485871,-90.586248,61201,312.68,367.86,20,366.8,17
27.974957,-82.494324,33607,240.31,282.72,20,273.89,7
38.409135,-121.373275,95624,465.85,548.06,165,0,0
37.84318561,-97.3719896,67147,1907.48,2244.09,150,0,0
41.174185,-86.036123,46539,708.88,833.98,10,50,1
42.647581,-71.34956,1854,406.01,477.66,500,441.84,2
38.37993944,-91.50324518,65066,448.31,527.42,20,50,1
33.294911,-111.92834,85226,184.62,217.2,30,102,2
35.812756,-78.768242,27513,422.37,496.91,50,472.62,7
34.09343907,-98.56929444,76354,306.66,360.78,38,25,1
40.725434,-89.622512,61604,435.45,512.29,20,511.06,9
40.21962024,-74.73272011,8629,1559.3,1834.47,75,1834.48,5
34.986796,-81.228691,29745,1288.08,1515.39,45,1515.39,3
28.026834,-82.446838,33604,2293.65,2698.41,50,2689.06,15
34.054788,-84.197236,30097,359.07,422.44,60,0,0
33.817489,-84.454952,30318,334.5,393.53,14,25,1
40.628521,-74.107315,10310,577.49,679.4,72,283.2,9
37.990826,-121.689738,94561,408.36,480.42,20,50,1
41.75650834,-103.3188236,69334,191.24,224.99,15,208.11,2
36.340264,-95.830383,74021,328.96,387.01,25,378.19,6
27.988166,-82.455407,33603,679.44,799.34,250,777.28,7
40.165609,-85.423883,47302,422.66,497.25,130,50,1
40.736847,-115.622388,89815,824.49,969.99,25,969.99,12
47.703526,-122.099432,98052,1270.38,1494.56,25,50,2
39.514171,-87.385009,47805,484.61,570.13,24,5,1
35.989339,-78.988647,27705,335.2,394.35,25,389.94,8
35.221127,-80.78362,28205,229.57,270.08,60,0,0
33.024078,-96.598784,75094,537.44,632.28,20,0,0
29.054238,-82.056797,34420,435.99,512.93,17,512.93,5
40.738867,-73.254822,11706,228.64,268.99,90,268.98,5
41.199787,-73.181795,6610,788.14,927.22,24,0,0
44.525365,-122.89051,97355,791.14,930.75,30,811,7
37.610127,-122.404083,94066,2195.66,2583.13,288,2561.07,19
26.599062,-80.122237,33463,957.49,1126.46,10,25,1
39.77941,-86.289609,46214,5377.02,6325.91,150,0,0
39.732292,-86.226334,46241,481.25,566.18,27,566.17,8
37.098561,-94.518777,64801,812.72,956.14,60,956.14,2
35.003812,-82.003637,29316,415.3,488.59,21,200,8
34.21627,-118.358772,91352,671.38,789.86,30,789.86,2
35.060928,-89.813332,38119,839.97,988.2,20,988.2,2
32.93647766,-83.72914886,31210,958.43,1127.56,20,0,0
32.904198,-96.861465,75229,1146.93,1349.33,7,50,1
40.11807573,-79.6206558,15683,373.97,439.96,25,150,4
40.40848541,-77.0381546,17020,863.53,1015.92,750,986.8,11
36.204605,-115.026545,89156,377.11,443.66,150,0,0
34.566733,-92.574653,72015,366.18,430.8,140,100,4
45.057083,-93.250319,55421,418.73,492.62,29,110,5
34.830949,-89.97512,38632,359.83,423.33,150,0,0
40.865977,-73.850815,10469,435.75,512.65,600,396,1
45.926777,-122.723999,98674,546.26,642.66,730,0,0
40.74621964,-73.72761536,11426,349.9,411.65,27,303.14,2
41.291962,-112.092981,84404,183.42,215.79,220,183.42,1
33.369185,-111.917844,85283,8722,10261.18,90,3010,19
47.718827,-122.040947,98077,856.73,1007.92,20,0,0
38.594617,-121.382834,95864,596.25,701.47,170,0,0
40.415284,-111.765759,84062,904.52,1064.14,33,0,0
39.47038938,-76.94394564,21784,481.49,566.46,475,0,0
41.134533,-73.414392,6851,1318.52,1551.2,12,970,10
45.494106,-122.551994,97266,1044.75,1229.12,27,0,0
29.78196,-90.830021,70301,792.8,932.71,22,0,0
34.811562,-106.740371,87031,1214.75,1429.12,80,0,0
39.777233,-104.986412,80216,559.84,658.64,55,45,2
32.369516,-96.100056,75147,1248,1468.24,10,0,0
35.192755,-106.717731,87114,422.34,496.87,800,0,0
43.07832,-87.914406,53212,724.69,852.58,20,0,0
48.697898,-119.429748,98855,251.63,296.04,23,288.98,4
32.361328,-88.738341,39307,310.88,365.74,25,15,1
34.36199896,-80.06358236,29501,947.25,1114.41,925,0,0
38.507051,-121.526741,95831,1078.83,1269.21,150,0,0
37.759073,-122.436365,94114,980.98,1154.09,28,0,0
35.94812775,-78.95552826,27707,467.66,550.19,100,0,0
39.75724,-74.233498,8005,1044.98,1229.39,21,1224.98,27
42.455597,-73.268555,1201,486.39,572.22,25,572.23,2
35.753436,-78.625722,27610,335.95,395.24,21,395.24,1
41.424428,-73.502317,6811,615.63,724.27,25,175,2
38.22848037,-85.81501499,40211,1248,1468.24,20,0,0
